Date,City,Country,Latitude,Longitude,MaxTemp,Humidity,Cloudiness,Wind Speed
1573323042,Qaanaaq,GL,77.48,-69.36,-5.57,48,0,5.41
1573323043,Albany,US,42.65,-73.75,37.99,47,1,10.29
1573323046,Alofi,NU,-19.06,-169.92,69.8,94,7,2.24
1573323047,Tessalit,ML,20.2,1.01,85.86,14,100,15.68
1573322956,Olive Branch,US,34.96,-89.83,53.01,34,5,6.93
1573323049,Grand Gaube,MU,-20.01,57.66,73.99,83,40,4.7
1573323050,Waipawa,NZ,-39.94,176.59,51.01,90,33,5.53
1573323052,Vaini,IN,15.34,74.49,67.87,92,14,1.99
1573323053,Tselinnoye,UA,45.9,34.18,58.3,77,0,8.23
1573323055,Santo Amaro da Imperatriz,BR,-27.69,-48.78,80.01,100,75,5.82
1573323056,Kruisfontein,ZA,-34.0,24.73,59.31,78,100,16.51
1573323060,Ushuaia,AR,-54.81,-68.31,44.6,52,40,9.17
1573323061,Mar del Plata,AR,-46.43,-67.52,52.52,44,0,13.8
1573323062,Nokaneng,BW,-19.66,22.19,88.63,27,99,4.27
1573323066,Vila Velha,BR,-3.71,-38.6,87.8,55,100,18.34
1573323067,Chuy,UY,-33.69,-53.46,72.0,71,86,8.77
1573323069,Sitka,US,37.17,-99.65,73.0,21,0,4.0
1573323070,Esfarayen,IR,37.08,57.51,44.6,52,0,4.09
1573323071,Punta Arenas,CL,-53.16,-70.91,46.4,48,0,13.87
1573323072,Saskylakh,RU,71.97,114.09,-6.99,98,100,8.08
1573323073,San Quintin,PH,17.54,120.52,72.5,88,57,4.05
1573323075,Saint-Philippe,CA,45.36,-73.48,36.0,65,90,9.17
1573323076,Ribeira Grande,PT,38.52,-28.7,68.0,68,20,4.7
1573323077,Tuktoyaktuk,CA,69.44,-133.03,3.2,77,20,17.22
1573323078,Caravelas,BR,-17.73,-39.27,83.35,59,1,16.13
1573323080,Vila Franca do Campo,PT,37.72,-25.43,68.0,72,20,6.93
1573323081,Palmer,AU,-34.85,139.16,57.2,62,75,9.17
1573323082,Vardo,US,39.62,-77.74,41.0,48,1,8.05
1573323084,Lebu,ET,8.96,38.73,55.27,54,56,4.92
1573323086,Mongo,CD,-5.62,14.6,77.49,87,100,2.04
1573323087,Ostrovnoy,RU,68.05,39.51,11.14,94,95,4.07
1573323079,Hobart,AU,-42.88,147.33,50.0,57,75,11.41
1573323090,Harlingen,NL,53.18,5.41,48.2,100,90,11.41
1573323092,Atuona,PF,-9.8,-139.03,79.32,75,8,13.47
1573323093,Gat,SN,14.69,-16.54,96.8,54,57,19.46
1573323095,Ronne,FR,48.45,0.83,42.8,93,83,8.05
1573322877,Bethel,US,60.79,-161.76,26.6,92,1,11.41
1573323097,Castro,CL,-42.48,-73.76,66.2,52,82,6.93
1573323098,Ihosy,MG,-22.4,46.13,68.56,82,16,12.19
1573323100,Esperance,AU,-33.86,121.89,71.6,24,15,19.46
1573323101,Kahului,US,20.89,-156.47,77.0,83,20,3.36
1573323102,New Norfolk,AU,-42.78,147.06,50.0,57,91,11.41
1573323103,Ekhabi,RU,53.51,142.97,25.12,81,94,22.35
1573323105,Bombay,US,44.94,-74.57,35.6,64,90,14.99
1573323107,Popondetta,PG,-8.77,148.24,66.04,86,100,3.29
1573323108,Tiksi,RU,71.64,128.87,-11.4,97,85,5.19
1573322837,Hamilton,CA,43.26,-79.87,39.99,59,90,18.34
1573323111,Qasigiannguit,GL,68.82,-51.19,39.2,29,75,21.92
1573323112,Bergen,NO,60.39,5.33,35.01,79,20,3.36
1573322885,Avarua,CK,-21.21,-159.78,73.4,83,43,12.75
1573323116,Tabuk,PH,17.41,121.44,71.62,94,100,12.17
1573322883,Fairbanks,US,64.84,-147.72,12.0,83,1,5.21
1573323120,Mataura,NZ,-46.19,168.86,48.99,92,100,5.01
1573323121,Tuatapere,NZ,-46.13,167.69,48.99,92,100,5.01
1573323122,Toyooka,JP,35.55,134.82,48.83,89,49,5.17
1573323123,San Patricio,PY,-26.98,-56.83,89.56,51,31,6.24
1573323125,Barillas,ES,41.97,-1.66,53.6,81,75,3.31
1573323126,Bluff,AU,-23.58,149.07,60.48,24,0,8.1
1573323127,Barranca,PE,-10.75,-77.76,63.79,89,79,9.55
1573323130,Sipovo,BA,44.28,17.08,45.64,93,100,1.19
1573323131,Inhambane,MZ,-23.87,35.38,74.79,78,99,16.31
1573323132,Tigil,RU,57.8,158.67,28.65,67,17,6.67
1573323133,Rikitea,PF,-23.12,-134.97,73.42,77,100,8.66
1573323134,Salalah,OM,17.01,54.1,80.6,74,40,3.36
1573322970,Thompson,CA,55.74,-97.86,3.2,77,75,6.93
1573322847,Newport,GB,51.59,-3.0,45.0,93,75,2.24
1573323138,Northport,US,33.23,-87.58,57.99,50,1,3.69
1573323139,Batagay-Alyta,RU,67.8,130.41,-17.43,80,46,4.05
1573323140,Kodiak,US,39.95,-94.76,60.01,51,1,10.29
1573323142,Sao Joao da Barra,BR,-21.64,-41.05,86.0,62,20,16.11
1573323143,Saint George,GR,39.45,22.34,60.8,93,97,4.7
1573323145,Coahuayana,MX,18.62,-100.35,88.03,54,0,1.54
1573323146,Provideniya,RU,64.42,-173.23,33.13,98,100,3.56
1573323147,Dogondoutchi,NE,13.64,4.03,91.0,13,26,5.91
1573323149,Pontianak,ID,-0.02,109.34,74.21,95,64,1.19
1573322953,Cape Town,ZA,-33.93,18.42,72.0,56,0,16.11
1573323151,Longyearbyen,NO,78.22,15.63,24.8,73,90,23.04
1573323152,Ambilobe,MG,-13.19,49.05,77.79,73,60,9.1
1573323154,Orlik,PL,53.95,17.74,46.99,100,90,6.93
1573323158,Port Alfred,ZA,-33.59,26.89,66.0,78,100,8.01
1573323159,Busselton,AU,-33.64,115.35,66.99,59,0,18.77
1573323161,Cradock,ZA,-32.16,25.62,60.48,66,76,11.39
1573323162,Ibra,OM,22.69,58.55,72.27,52,0,9.53
1573323163,Ewa Beach,US,21.32,-158.01,77.0,73,75,3.36
1573323164,Nzerekore,GN,7.76,-8.82,78.4,68,74,3.06
1573323166,Arraial do Cabo,BR,-22.97,-42.02,80.6,78,75,14.99
1573323166,Aden,YE,12.79,45.03,79.95,66,0,12.06
1573323168,Hermanus,ZA,-34.42,19.24,71.01,79,6,11.99
1573323169,Half Moon Bay,US,37.46,-122.43,59.0,87,90,4.7
1573323171,Yar-Sale,RU,66.83,70.83,-7.91,96,16,6.73
1573323173,Kyabe,TD,9.45,18.94,82.44,25,56,4.59
1573323174,Superior,US,39.95,-105.17,75.2,10,1,4.7
1573323175,Mokhsogollokh,RU,61.4,128.95,-9.17,92,50,4.59
1573323178,Marsh Harbour,BS,26.54,-77.06,72.75,76,100,31.72
1573323179,Khatanga,RU,71.98,102.47,-2.98,96,100,13.15
1573323180,Tabou,CI,4.42,-7.36,79.63,81,47,3.67
1573323182,Aswan,EG,24.09,32.9,82.4,30,0,7.52
1573323183,Chokurdakh,RU,70.62,147.9,-10.74,99,100,4.36
1573323184,Ukiah,US,39.15,-123.21,64.0,61,1,1.34
1573323185,Vao,EE,59.1,26.19,41.36,97,100,5.97
1573323186,Upernavik,GL,72.79,-56.15,10.35,77,58,8.97
1573323188,Namibe,AO,-15.19,12.15,75.79,76,0,16.71
1573323189,Salinopolis,BR,-0.61,-47.36,81.79,81,100,18.21
1573323190,Bredasdorp,ZA,-34.53,20.04,64.99,77,28,18.34
1573323192,Beringovskiy,RU,63.05,179.32,22.98,94,100,9.66
1573323194,Lorengau,PG,-2.02,147.27,83.37,77,100,14.0
1573323195,Shingu,JP,33.72,135.99,58.5,63,0,6.89
1573323196,Tambo,PE,-12.95,-74.02,78.8,26,75,9.17
1573323197,Butaritari,KI,3.07,172.79,83.86,67,100,4.7
1573323198,Kiama,AU,-34.67,150.86,59.0,44,65,17.22
1573323200,Touros,BR,-5.2,-35.46,86.0,55,40,13.87
1573323201,Faanui,PF,-16.48,-151.75,80.8,81,68,18.68
1573323202,Price,US,39.6,-110.81,55.0,20,1,4.47
1573322919,Lompoc,US,34.64,-120.46,78.01,45,1,6.82
1573323206,Synya,RU,65.37,58.04,4.46,97,86,4.61
1573323197,Necochea,AR,-38.55,-58.74,59.0,69,0,15.01
1573323210,Namatanai,PG,-3.66,152.44,83.59,69,100,6.31
1573323211,Male,UA,50.74,33.7,49.98,91,18,10.76
1573323212,Kondinskoye,RU,59.65,67.41,9.09,83,96,5.91
1573323213,San Cristobal,HN,14.68,-86.92,75.2,70,90,7.05
1573323214,Davila,PH,18.47,120.58,77.0,83,75,9.17
1573323216,Bambous Virieux,MU,-20.34,57.76,73.99,83,75,5.82
1573323217,Colac,AU,-38.34,143.59,51.01,97,100,1.01
1573323218,Mount Gambier,AU,-37.83,140.78,50.0,87,90,9.17
1573323219,Ilulissat,GL,69.22,-51.1,39.2,29,75,21.92
1573323220,Avera,US,33.19,-82.53,53.6,32,1,8.05
1573323221,Severo-Kurilsk,RU,50.68,156.12,32.2,85,83,26.06
1573323224,Caborca,MX,30.58,-111.1,82.0,41,99,3.0
1573323225,Adrar,DZ,27.87,-0.29,73.4,23,0,13.87
1573323215,Jamestown,AU,-33.21,138.6,43.21,93,0,4.63
1573323227,Izumo,JP,35.37,132.75,59.0,54,75,12.75
1573323229,Ulladulla,AU,-35.36,150.48,59.0,44,67,17.22
1573323230,Faya,SA,18.39,42.45,60.8,63,40,9.17
1573323210,Kapaa,US,22.08,-159.32,71.6,93,75,11.41
1573323233,Nanortalik,GL,60.14,-45.24,36.57,72,100,51.79
1573323236,Puerto Ayora,EC,-0.74,-90.35,78.8,65,40,16.11
1573323237,Qaqortoq,GL,60.72,-46.03,44.6,30,75,39.15
1573323238,Moron,HT,18.56,-74.26,82.62,76,2,9.19
1573323239,Katsuura,JP,33.93,134.5,59.0,67,75,13.87
1573323164,Whitehorse,CA,60.72,-135.06,6.8,84,40,3.36
1573323243,Tucurui,BR,-3.77,-49.67,90.84,49,93,2.01
1573323244,Aksha,RU,50.28,113.29,31.59,79,95,6.71
1573323245,Cacapava do Sul,BR,-30.51,-53.49,80.96,68,61,7.0
1573323247,Yeniseysk,RU,58.45,92.17,0.86,92,100,6.98
1573323248,Katherine,AU,-14.47,132.26,86.0,55,70,13.87
1573323249,Kosh-Agach,RU,49.99,88.66,18.91,66,83,0.87
1573323250,Te Anau,NZ,-45.41,167.72,41.49,98,100,5.35
1573323251,Tyukhtet,RU,56.54,89.31,15.42,77,100,8.86
1573323253,Mahebourg,MU,-20.41,57.7,73.99,83,75,5.82
1573323254,Miyako,JP,33.63,130.94,55.0,87,11,2.24
1573323255,Calama,CL,-22.46,-68.93,80.6,8,21,20.8
1573323257,Umm Lajj,SA,25.02,37.27,77.36,73,5,4.56
1573323190,Georgetown,GY,6.8,-58.16,91.4,74,20,13.87
1573323261,Tarakan,ID,3.3,117.63,77.09,82,98,4.7
1573323262,Sur,OM,22.57,59.53,73.71,56,0,3.04
1573323115,North Platte,US,41.12,-100.77,69.01,33,1,11.41
1573323265,Moramanga,MG,-18.95,48.23,62.74,95,91,1.21
1573323266,Langxiang,CN,46.95,128.87,21.11,68,0,2.55
1573323267,Sola,TZ,-3.17,33.8,75.83,56,74,7.4
1573323268,Port Elizabeth,US,39.31,-74.98,45.0,26,1,3.36
1573323270,Lannion,FR,48.73,-3.46,50.0,81,69,25.28
1573323271,Maningrida,AU,-12.05,134.23,78.13,80,87,2.51
1573323272,Sinjar,SY,35.59,37.0,67.64,28,0,7.94
1573323273,Egvekinot,RU,66.32,-179.17,12.76,90,7,2.01
1573323274,Makaha,US,21.47,-158.22,77.0,73,75,3.36
1573323275,Taoudenni,ML,22.68,-3.98,78.73,15,52,11.65
1573323277,Pisco,PE,-13.71,-76.2,71.6,30,37,11.41
1573323278,Padang,ID,-0.92,100.36,67.71,96,99,1.36
1573323279,Barrow,AR,-38.31,-60.23,70.81,33,0,12.17
1573323280,Verkhnevilyuysk,RU,63.45,120.31,14.67,96,100,4.97
1573323282,Kaitangata,NZ,-46.28,169.85,51.01,95,93,8.01
1573323283,Hailar,CN,49.2,119.7,30.67,62,100,9.13
1573323285,Meadow Lake,CA,54.13,-108.44,14.0,66,90,10.29
1573323286,Ugoofaaru,MV,5.67,73.0,82.58,71,64,6.76
1573323288,Kargasok,RU,59.06,80.87,5.94,91,39,7.76
1573323289,Ullapool,GB,57.9,-5.16,39.99,76,100,4.0
1573323290,Nikolskoye,RU,59.7,30.79,39.2,93,90,6.71
1573323291,Jalu,LY,29.03,21.55,76.48,23,8,9.75
1573323293,Airai,TL,-8.93,125.41,67.23,76,76,2.68
1573323294,Vilyuysk,RU,63.75,121.63,12.27,94,100,11.07
1573323295,Tadine,NC,-21.55,167.88,68.52,79,12,3.78
1573323296,Coruripe,BR,-10.12,-36.18,80.76,70,38,14.74
1573323298,Smolenka,PL,54.15,22.76,48.63,90,74,5.91
1573323299,Coquimbo,CL,-29.95,-71.34,60.8,77,90,10.29
1573323300,Maraba,BR,-5.35,-49.1,89.6,59,20,3.36
1573323246,Rio Grande,BR,-32.03,-52.1,77.0,78,90,12.75
1573323302,Aklavik,CA,68.22,-135.01,3.2,77,20,16.11
1573323184,East London,ZA,-33.02,27.91,64.4,77,40,11.41
1573323305,Kedrovyy,RU,56.17,91.82,14.0,72,40,13.42
1573323306,Lafia,NG,8.5,8.51,83.5,47,100,2.19
1573323307,Verkhoyansk,RU,67.55,133.39,-22.73,98,25,0.63
1573323309,Walvis Bay,NA,-22.95,14.51,69.8,52,0,11.41
1573323311,Koulikoro,ML,12.86,-7.56,93.2,44,40,1.12
1573323312,Aksarka,RU,66.56,67.8,0.27,94,91,4.32
1573323313,Hilo,US,19.71,-155.08,75.2,60,1,4.7
1573323074,Trairi,BR,-3.28,-39.27,92.14,38,75,11.61
1573323316,Hokitika,NZ,-42.72,170.96,58.28,95,100,24.47
1573323317,Carutapera,BR,-1.2,-46.02,81.99,76,62,10.78
1573323318,Puerto Narino,CO,-3.77,-70.38,86.0,79,75,4.7
1573323319,Fort Saint James,CA,54.43,-124.25,16.16,88,100,9.75
1573323320,Hami,CN,42.84,93.51,33.78,32,0,3.02
1573323322,Sulayman,IQ,31.4,46.29,73.06,21,0,2.33
1573323323,Hambantota,LK,6.12,81.12,81.19,79,87,9.62
1573323324,Hare Bay,CA,48.86,-53.99,32.0,70,75,21.92
1573323325,Xichang,CN,27.88,102.25,44.55,95,96,5.97
1573323326,Lasa,CY,34.92,32.53,71.6,64,5,3.36
1573323328,Masyaf,SY,35.06,36.34,68.0,52,0,4.7
1573323329,Jining,CN,35.41,116.58,59.0,53,100,1.01
1573323330,Narsaq,GL,60.91,-46.05,44.6,30,75,39.15
1573323332,Saldanha,PT,41.42,-6.55,44.04,96,91,8.57
1573323334,Cap Malheureux,MU,-19.98,57.61,73.99,83,75,5.82
1573323336,Uddevalla,SE,58.35,11.94,41.0,100,100,12.75
1573323339,Torbay,CA,47.66,-52.73,37.0,55,75,39.15
1573323340,Bonfim,GY,3.36,-59.84,95.23,40,32,9.13
1573323341,Miri,NG,10.31,9.75,82.2,32,66,5.01
1573323342,Nelson Bay,AU,-32.72,152.14,59.0,45,16,14.99
1573323344,Leningradskiy,RU,69.38,178.42,18.54,67,69,8.59
1573323315,Neuquen,AR,-38.95,-68.06,78.8,27,33,4.7
1573323347,Ust-Maya,RU,60.42,134.54,-23.01,98,19,1.88
1573323349,Margate,AU,-43.03,147.26,48.99,66,40,10.29
1573323350,Mutis,CO,6.23,-77.4,75.15,86,100,8.28
1573323351,Sisimiut,GL,66.94,-53.67,28.92,47,95,19.15
1573323352,Grand-Santi,GF,4.27,-54.38,96.24,34,39,4.41
1573323353,Svarstad,NO,59.4,9.97,33.01,100,75,11.41
1573323354,Novaya Bryan,RU,51.72,108.27,30.2,86,40,2.24
1573323177,Santa Maria,BR,-16.02,-48.01,91.4,29,40,14.99
1573323359,Monywa,MM,22.12,95.13,72.41,95,81,7.02
1573323362,Zeya,RU,53.74,127.27,0.09,92,3,5.21
1573323364,Lokosovo,RU,61.13,74.84,7.32,88,69,5.84
1573323365,Dunedin,NZ,-45.87,170.5,53.01,91,100,8.99
1573323366,Inverell,AU,-29.78,151.11,48.0,47,0,3.62
1573323368,Tasiilaq,GL,65.61,-37.64,37.4,64,100,29.97
1573323369,Betare Oya,CM,5.6,14.08,74.21,70,71,4.16
1573323370,Prince Rupert,CA,54.32,-130.32,50.0,93,90,12.75
1573323371,Yellowknife,CA,62.45,-114.38,-9.01,69,20,11.41
1573323372,Alta Floresta,BR,-9.87,-56.08,94.78,41,100,1.61
1573323374,Biltine,TD,14.53,20.93,84.58,12,74,11.81
1573323375,Deshnok,IN,27.8,73.34,72.03,21,0,6.62
1573323376,Carnarvon,ZA,-30.97,22.13,75.94,17,100,16.62
1573323378,Ashta,IN,16.95,74.41,70.83,69,0,2.71
1573323379,Bambanglipuro,ID,-7.95,110.28,74.79,87,59,2.55
1573323380,Sobolevo,RU,54.43,31.9,46.17,94,100,12.24
1573323381,Fort Nelson,CA,58.81,-122.69,6.8,77,90,6.93
1573323382,Port Hardy,CA,50.7,-127.42,50.0,87,90,9.17
1573323384,Clyde River,CA,70.47,-68.59,21.2,79,75,20.8
1573323386,Iralaya,HN,15.0,-83.23,82.89,77,14,15.35
1573323387,Mineiros,BR,-17.57,-52.55,89.8,41,94,8.01
1573323388,Evensk,RU,61.92,159.24,24.58,93,100,19.26
1573323391,Ixtapa,MX,20.71,-105.21,87.01,66,5,5.82
1573323392,Chekhov,RU,55.14,37.45,39.2,100,90,13.42
1573323393,Vestmannaeyjar,IS,63.44,-20.27,41.0,80,90,4.7
1573323394,Imbituba,BR,-28.24,-48.67,71.6,100,75,5.82
1573323396,Baghmara,IN,23.8,86.21,69.49,89,100,8.41
1573323397,Santiago,PH,16.69,121.54,70.38,99,100,2.13
1573323398,Yanam,IN,16.73,82.22,77.0,69,20,9.17
1573323399,Karratha,AU,-20.74,116.85,80.11,61,40,20.33
1573323400,Vostok,RU,46.45,135.83,11.34,74,0,5.75
1573323402,Altamira,BR,-3.2,-52.21,90.95,51,70,2.24
1573323403,Seymchan,RU,62.93,152.39,-3.59,93,100,10.58
1573323404,Honningsvag,NO,70.98,25.97,28.26,68,0,9.04
1573323406,Samarai,PG,-10.62,150.67,74.32,92,85,4.54
1573323379,Clinton,US,41.28,-72.53,39.99,32,1,8.05
1573323409,Griffith,AU,-34.29,146.06,51.8,66,0,8.05
1573323410,Ancud,CL,-41.87,-73.83,66.2,52,81,6.93
1573323411,Rocha,UY,-34.48,-54.34,68.0,75,100,10.94
1573323412,Rio Gallegos,AR,-51.62,-69.22,51.8,29,1,11.41
1573323414,Anuradhapura,LK,8.34,80.41,74.59,94,100,3.09
1573323415,Ballina,IE,54.11,-9.15,46.99,93,40,10.29
1573323416,Wanning,AT,48.64,13.53,41.0,93,90,2.24
1573323417,Xining,CN,36.62,101.77,32.83,27,0,6.02
1573323420,Barras,BR,-4.24,-42.29,93.83,37,90,1.92
1573323421,Kharp,RU,66.82,65.8,1.09,91,92,4.92
1573323422,Zhanakorgan,KZ,43.91,67.25,43.7,45,86,2.24
1573323359,Gorontalo,ID,0.54,123.06,74.01,89,37,4.25
1573323426,Dikson,RU,73.51,80.55,1.63,96,77,5.59
1573323421,Tecoanapa,MX,16.99,-99.26,89.6,59,5,0.63
1573323297,Geraldton,CA,49.72,-86.95,19.4,79,90,3.36
1573323430,Hithadhoo,MV,-0.6,73.08,82.02,77,18,10.22
1573323432,Oktyabrskoye,RU,56.73,85.44,9.0,84,40,2.24
1573323433,Belmonte,PT,40.36,-7.35,53.01,96,100,1.99
1573323434,Pangai,TO,-19.8,-174.35,75.2,88,20,5.82
1573323435,Kavieng,PG,-2.57,150.8,79.39,81,100,6.78
1573323436,Nioro,GM,13.79,-15.05,97.29,15,61,4.92
1573323438,Kawhia,NZ,-38.07,174.82,64.99,90,100,6.42
1573323439,Kalach-na-Donu,RU,48.69,43.52,42.01,80,90,15.66
1573323440,Codrington,AU,-28.95,153.24,57.99,81,0,4.7
1573323441,Djambala,CG,-2.55,14.76,73.54,88,98,2.1
1573323442,Ahipara,NZ,-35.17,173.16,64.0,100,84,15.68
1573323444,Havre-Saint-Pierre,CA,50.23,-63.6,28.4,50,1,18.34
1573323445,Danville,US,37.82,-122.0,63.0,87,90,2.44
1573323446,Le Portel,FR,50.71,1.57,48.2,87,75,16.11
1573323447,Laguna,BZ,16.17,-88.94,84.2,70,40,4.7
1573323448,Nome,US,30.04,-94.42,63.0,38,1,3.36
1573323282,Valparaiso,US,41.47,-87.06,45.0,52,90,13.87
1573323452,Cabo San Lucas,MX,22.89,-109.91,90.0,48,40,6.93
1573323453,The Valley,AI,18.22,-63.06,89.6,70,75,14.99
1573323454,Tommot,RU,58.97,126.27,6.93,96,100,2.17
1573323458,Satipo,PE,-11.26,-74.64,79.16,57,59,3.36
1573323459,Augusto Correa,BR,-1.02,-46.63,86.13,57,100,9.55
1573323438,Sao Filipe,CV,14.9,-24.5,73.33,86,65,19.91
1573323269,Nantucket,US,41.28,-70.1,41.0,38,1,8.05
1573323463,Norman Wells,CA,65.28,-126.83,-4.01,83,20,5.82
1573323464,Fagundes,BR,-7.36,-35.78,87.8,45,40,13.87
1573323465,Pacifica,US,37.61,-122.49,60.01,87,90,3.83
1573323466,Kinsale,IE,51.71,-8.52,44.6,75,20,16.11
1573323468,Plattsburgh,US,44.69,-73.46,37.0,51,1,16.11
1573323469,Sakhipur,BD,24.3,90.18,75.2,88,90,12.75
1573323204,Maceio,BR,-9.67,-35.74,84.2,58,40,17.22
1573323432,Hasaki,JP,35.73,140.83,48.2,87,75,8.05
1573323309,Hay River,CA,60.82,-115.79,3.2,77,90,11.41
1573323473,Biak,ID,-0.91,122.88,81.5,74,60,3.36
1573323475,Grindavik,IS,63.84,-22.43,39.2,86,53,8.05
1573323476,Alpena,US,45.06,-83.43,34.0,74,90,11.41
1573323477,Yulara,AU,-25.24,130.99,66.2,22,0,9.17
1573323478,Chapais,CA,49.78,-74.86,14.0,85,90,8.05
1573323479,Pevek,RU,69.7,170.27,5.2,91,54,7.14
1573323481,Yeppoon,AU,-23.13,150.74,66.2,20,28,5.08
1573323482,Bejar,AL,40.49,19.83,54.12,90,100,10.29
1573323483,Sao Jose da Coroa Grande,BR,-8.9,-35.15,79.7,74,82,12.91
1573323345,Moberly,US,39.42,-92.44,55.99,46,1,11.41
1573323485,Tapikan,PH,10.61,122.17,74.91,90,32,3.09
1573323487,Kudahuvadhoo,MV,2.67,72.89,82.87,76,94,11.32
1573323488,Ankpa,NG,7.37,7.63,79.29,66,100,1.03
1573323489,Lagoa,PT,37.14,-8.45,62.6,77,40,13.87
1573323490,Ranipur,IN,25.25,79.06,71.98,46,0,2.86
1573323475,Iqaluit,CA,63.75,-68.52,5.0,77,40,6.93
1573323494,Tocopilla,CL,-22.09,-70.2,78.51,13,56,13.42
1573323496,Parana,BR,-7.52,-72.89,91.4,59,75,4.7
1573323308,Swift Current,CA,50.29,-107.8,24.8,92,90,19.46
1573323499,Hazorasp,UZ,41.32,61.08,39.2,55,9,6.11
1573323500,Westport,US,41.14,-73.36,41.0,40,1,5.82
1573323501,Sexsmith,CA,55.35,-118.78,10.4,85,90,13.87
1573323502,Severnoye,RU,54.09,52.54,27.84,76,37,3.96
1573323503,Ayagoz,KZ,47.96,80.43,33.37,70,100,11.41
1573323268,Corner Brook,CA,48.95,-57.95,32.0,86,90,19.46
1573323506,Sungaipenuh,ID,-2.08,101.38,62.37,95,99,0.87
1573323216,Ahuimanu,US,21.44,-157.84,77.0,78,40,5.82
1573323510,Sorong,ID,-0.86,131.25,72.3,98,87,0.96
1573323471,Huilong,CN,31.15,106.5,57.24,82,98,1.39
1573323512,Ginir,ET,7.14,40.71,58.89,95,99,0.09
1573323513,Longkou,CN,37.64,120.47,51.75,84,100,11.83
1573323514,Kankon,IN,15.02,74.02,78.8,74,20,6.93
1573323448,Manggar,ID,-2.88,108.27,83.98,64,0,2.59
1573323517,Peskovka,RU,59.04,52.36,21.16,69,86,3.04
1573323518,Cidreira,BR,-30.17,-50.22,71.42,84,8,21.68
1573323519,Souillac,FR,45.6,-0.6,48.2,93,100,13.87
1573323521,Genhe,CN,50.78,121.52,18.75,91,95,2.44
1573323522,Canakkale,TR,40.15,26.41,60.8,77,73,3.74
1573323523,Khash,IR,28.22,61.21,58.24,17,57,9.82
1573323524,Vagur,FO,61.47,-6.81,44.15,66,100,17.4
1573323527,Mumford,GH,5.26,-0.76,78.94,79,81,4.32
1573323528,La Trinidad,NI,12.97,-86.24,73.4,73,40,18.34
1573323324,Rio de Janeiro,BR,-22.91,-43.21,80.6,94,90,9.17
1573323530,Romilly-sur-Seine,FR,48.52,3.72,42.8,87,75,6.93
1573323531,Mpika,ZM,-11.84,31.4,72.75,50,35,6.17
1573323533,Bourail,NC,-21.57,165.5,63.77,88,17,1.9
1573323535,Ambanja,MG,-13.68,48.45,79.77,79,95,5.26
1573323536,Bloemfontein,ZA,-29.12,26.22,78.8,29,20,14.99
1573323537,Sychevka,RU,55.83,34.27,42.64,89,99,13.42
1573323539,Grootfontein,NA,-19.56,18.1,72.27,56,100,17.47
1573323540,Otane,NZ,-39.89,176.62,53.01,91,33,3.0
1573323329,Basingstoke,GB,51.26,-1.09,46.0,100,90,8.05
1573323542,Inskoy,RU,54.43,86.44,21.67,67,100,4.63
1573323544,Ulaangom,MN,49.98,92.07,26.87,87,18,2.82
1573323458,Bud,NO,62.91,6.91,32.0,62,0,10.29
1573323546,Constitucion,MX,23.99,-104.67,69.8,49,20,4.7
1573323547,Nizhniy Ingash,RU,56.2,96.53,17.15,65,100,12.01
1573323548,Iquitos,PE,-3.75,-73.25,97.77,36,100,2.3
1573323550,Muros,ES,42.77,-9.06,55.99,93,75,6.93
1573323551,Udachnyy,RU,66.42,112.4,-2.21,84,90,4.47
1573323552,Bilyayivka,UA,46.48,30.22,59.0,100,90,11.18
1573323553,Torres,BR,-29.34,-49.73,71.33,84,29,20.36
1573323554,Chernyshevskiy,RU,63.01,112.47,8.22,97,80,5.68
1573323464,Penzance,GB,50.12,-5.53,48.99,70,40,27.51
1573323557,Morococha,PE,-11.61,-76.13,52.29,52,61,6.51
1573323487,Mehamn,NO,71.03,27.85,17.08,83,0,5.28
1573323559,Atherton,AU,-17.27,145.48,64.99,88,6,1.61
1573323560,Karatuzskoye,RU,53.61,92.87,21.29,81,100,3.29
1573323562,Cavan,IE,53.99,-7.36,41.0,87,37,5.99
1573323564,Chulman,RU,56.84,124.9,1.96,89,99,1.32
1573323481,Turayf,SA,31.68,38.65,66.2,37,0,9.17
1573323566,Cruz Grande,MX,16.72,-99.13,89.6,59,5,5.14
1573323568,Zhigansk,RU,66.77,123.37,5.94,87,100,19.55
1573323569,Comodoro Rivadavia,AR,-45.87,-67.48,55.4,50,20,9.17
1573323570,Shahr-e Babak,IR,30.12,55.12,51.06,30,77,6.93
1573323572,Batsfjord,NO,70.63,29.72,10.35,98,92,1.03
1573323574,Merauke,ID,-8.49,140.4,71.51,86,100,4.12
1573323575,Rong Kwang,TH,18.34,100.32,66.7,97,100,0.87
1573323468,Traverse City,US,44.76,-85.62,39.99,69,90,10.29
1573323578,Hearst,CA,49.69,-83.67,28.36,87,100,3.42
1573323580,Miraflores,PE,-16.39,-71.52,73.4,20,83,11.41
1573323581,Zyryanka,RU,65.73,150.89,-2.17,94,100,19.73
1573323582,Vryburg,ZA,-26.96,24.73,75.81,37,55,10.67
1573323583,Omboue,GA,-1.57,9.26,76.82,93,100,7.49
1573323585,Bandarbeyla,SO,9.49,50.81,80.24,72,0,17.18
1573323587,Satna,IN,24.58,80.83,71.53,60,6,2.51
1573323588,Mamakan,RU,57.82,114.02,23.02,97,99,3.87
1573323589,Dingle,PH,11.0,122.67,73.62,81,73,1.97
1573323591,Gimli,CA,50.63,-96.99,27.0,87,100,8.01
1573323592,Saint-Pierre,FR,48.95,4.24,42.8,87,75,10.29
1573323593,Tototlan,MX,20.55,-102.8,77.0,49,20,12.75
1573323594,Sangar,RU,63.92,127.47,-6.45,75,43,12.71
1573323595,Plettenberg Bay,ZA,-34.05,23.37,63.82,75,94,19.6
1573323597,Mecca,SA,21.43,39.83,82.44,50,0,1.83
1573323598,Abu Samrah,SY,35.3,37.18,67.64,28,0,7.94
1573323599,Vytegra,RU,61.01,36.45,35.04,97,100,11.18
1573323600,Umea,SE,63.83,20.26,19.4,79,90,16.11
1573323445,Gobabis,NA,-22.45,18.97,78.51,34,72,15.05
1573323603,Metu,ET,8.3,35.58,60.35,90,87,2.53
1573323604,Surt,LY,31.21,16.59,73.08,47,74,15.82
1573323605,Mattru,SL,7.62,-11.83,81.14,82,50,4.7
1573323607,Qujing,CN,25.49,103.8,52.09,96,94,2.82
1573323608,Deputatskiy,RU,69.3,139.9,-17.49,99,38,0.92
1573323609,Acurenam,GA,1.03,10.67,71.13,96,98,3.38
1573323610,Quatre Cocos,MU,-20.21,57.76,73.99,83,75,5.82
1573323611,Bonthe,SL,7.53,-12.5,82.53,73,32,6.17
1573323613,Mehran,IR,33.12,46.17,48.2,42,0,4.7
1573323614,Kamenka,MD,48.03,28.7,57.99,83,3,10.02
1573323615,Roald,NO,62.58,6.12,32.0,55,0,13.87
1573323616,Hohoe,GH,7.15,0.48,77.07,82,65,1.81
1573323617,Atar,MR,20.52,-13.05,84.2,20,100,11.41
1573323619,Sompeta,IN,18.93,84.6,72.16,80,100,3.94
1573323620,Ratnagiri,IN,16.98,73.3,69.04,92,0,2.3
1573323621,Manokwari,ID,-0.87,134.08,74.1,80,99,5.5
1573323622,Richards Bay,ZA,-28.77,32.06,69.26,74,81,12.71
1573323625,Piura,PE,-5.2,-80.63,90.75,33,51,9.89
1573323626,Khairagarh,IN,21.42,80.98,73.06,70,38,5.39
1573323627,Cherskiy,RU,68.75,161.3,-0.68,84,47,3.33
1573323628,Henties Bay,NA,-22.12,14.28,60.01,89,0,3.0
1573323629,Saint-Denis,FR,48.94,2.36,44.6,75,90,10.29
1573323631,Bad Hersfeld,DE,50.87,9.71,42.01,93,40,4.7
1573323632,Igrim,RU,63.19,64.42,9.54,90,100,3.58
1573323633,Parrita,CR,9.52,-84.33,80.6,61,40,8.05
1573323634,Santa Cruz,BR,-6.22,-36.02,90.72,39,53,14.14
1573323636,Ranong,TH,9.96,98.62,77.0,100,20,7.09
1573323456,Isangel,VU,-19.55,169.27,73.96,81,25,4.72
1573323638,Nikel,NO,69.41,30.21,-2.21,84,0,8.05
1573323639,Meulaboh,ID,4.14,96.13,81.86,74,99,5.32
1573323440,Riohacha,CO,11.54,-72.91,87.8,70,75,11.41
1573323643,San Ramon,NI,12.92,-85.84,73.4,73,40,18.34
1573323433,Victoria,BN,5.28,115.24,78.01,88,75,3.36
1573323646,Salvador,BR,-12.98,-38.48,84.2,66,20,17.22
1573323648,Huadian,CN,42.97,126.75,30.63,77,54,4.97
1573323649,Mali,CN,27.53,102.2,51.76,89,51,1.07
1573323650,Beira,ES,43.2,-8.36,55.99,76,40,10.29
1573323651,Kontagora,NG,10.4,5.47,83.21,32,26,3.76
1573323652,Nabire,ID,-3.36,135.5,70.66,95,100,2.37
1573323478,Perth,AU,-31.95,115.86,69.01,88,90,14.99
1573323572,Mwene-Ditu,CD,-7.01,23.45,71.29,91,100,2.91
1573323656,Bukachacha,RU,52.99,116.91,22.62,97,100,1.52
1573323659,Nyrob,RU,60.74,56.73,7.52,92,0,2.71
1573323368,Bosaso,SO,11.28,49.18,82.02,70,0,18.63
1573323661,Neryungri,RU,56.66,124.71,6.3,88,99,3.4
1573323662,General Roca,AR,-39.03,-67.58,78.8,27,40,4.7
1573323663,Bonanza,NI,14.03,-84.62,85.53,61,11,7.67
1573323665,Enshi,CN,30.29,109.48,52.36,85,99,2.08
1573323666,Bilibino,RU,68.06,166.44,0.16,63,0,2.62
1573323483,Saint-Georges,CA,46.12,-70.67,30.99,78,87,5.01
1573323668,Barra do Corda,BR,-5.5,-45.25,90.3,47,100,4.99
1573323473,Alice Springs,AU,-23.7,133.88,57.2,28,0,4.7
1573323672,Koppies,ZA,-27.24,27.57,62.82,81,100,15.99
1573323673,Turukhansk,RU,65.8,87.96,-13.37,97,100,5.66
1573323675,Tomatlan,MX,19.93,-105.25,92.95,43,72,3.09
1573323677,Oranjemund,ZA,-28.55,16.43,61.79,81,80,8.16
1573323678,Koundara,GN,12.49,-13.3,90.68,34,34,2.93
1573323679,Mapiripan,CO,2.89,-72.13,90.1,57,3,2.17
1573323481,Bileca,BA,42.87,18.43,64.4,82,75,11.41
1573323641,Brigantine,US,39.41,-74.36,45.0,26,1,3.36
1573323683,Baherden,TM,38.44,57.43,52.14,30,0,6.13
1573323684,Comarapa,BO,-17.91,-64.53,81.25,42,33,7.87
1573323685,Tazovskiy,RU,67.47,78.7,-11.87,94,51,9.22
1573323686,La Libertad,PE,-16.38,-71.56,73.4,20,83,11.41
1573323687,Husavik,CA,50.56,-96.99,27.0,86,100,7.0
1573323689,Pontal do Parana,BR,-25.67,-48.51,79.0,73,75,11.41
1573323690,Palencia,ES,42.01,-4.53,48.0,93,90,16.11
1573323691,Bjorkelangen,NO,59.88,11.57,30.0,86,75,11.41
1573323692,Nuuk,GL,64.17,-51.74,39.2,38,75,8.05
1573323693,Sorgun,TR,39.81,35.19,51.19,41,0,0.56
1573323695,Lavrentiya,RU,65.58,-170.99,34.59,98,100,6.08
1573323696,Ekuvukeni,ZA,-28.47,30.16,62.24,84,61,7.56
1573323697,Samana,EC,0.12,-76.97,84.2,70,75,11.41
1573323699,Tautira,PF,-17.73,-149.15,80.6,78,75,3.36
1573323701,Bubaque,GW,11.28,-15.83,86.18,56,20,9.89
1573323702,Hirara,JP,24.8,125.28,70.63,68,48,20.85
1573323439,Mao,DO,19.55,-71.08,93.2,55,40,13.87
1573323441,Weinan,CN,34.5,109.46,48.99,100,17,6.71
1573323425,Talnakh,RU,69.49,88.39,-13.01,75,100,13.42
1573323709,Cerro de Pasco,PE,-10.67,-76.25,50.49,74,97,7.52
1573323710,Salumbar,IN,24.14,74.05,75.18,54,20,4.18
1573323711,Cururupu,BR,-1.82,-44.87,88.72,51,100,7.34
1573323713,Santa Isabel,MX,32.63,-115.58,80.6,13,20,3.36
1573323646,Moscow,RU,55.75,37.62,39.2,100,90,13.42
1573323715,Vaitape,PF,-16.52,-151.75,80.8,81,68,18.68
1573323716,Asyut,EG,27.18,31.19,73.4,64,0,13.87
1573323719,Douentza,ML,15.01,-2.95,89.89,17,40,5.55
1573323720,Agadez,NE,16.97,7.99,91.4,15,13,4.7
1573323721,Srednekolymsk,RU,67.46,153.71,1.38,95,100,9.4
1573323439,Luderitz,NA,-26.65,15.16,62.6,82,41,11.41
1573323726,Havelock,US,34.88,-76.9,57.2,50,1,6.93
1573323727,Isla Vista,US,34.41,-119.86,86.0,32,1,3.56
1573323728,Gandai,IN,21.67,81.1,73.06,70,38,5.39
1573323730,Kenai,US,60.55,-151.26,33.01,92,1,7.31
1573323731,Purranque,CL,-40.91,-73.16,69.8,56,39,6.93
1573323732,Fortuna,US,40.6,-124.16,53.01,93,90,0.54
1573323733,Bagotville,AU,-28.98,153.42,57.99,81,0,4.7
1573323734,Korsakovo,RU,53.27,37.36,40.15,80,49,14.74
1573323736,Thinadhoo,MV,0.53,72.93,82.18,76,80,8.86
1573323737,Taiyuan,CN,37.86,112.56,42.8,48,17,13.42
1573323442,Hofn,IS,64.25,-15.21,45.32,76,100,24.0
1573323740,Muroto,JP,33.37,134.14,49.93,81,0,7.09
1573323742,Itacarambi,BR,-15.1,-44.09,98.67,22,19,3.29
1573323743,San Andres,PH,13.32,122.68,75.04,95,35,3.4
1573323744,Ranikhet,IN,29.65,79.42,53.33,69,0,2.73
1573323745,Dayong,CN,25.02,118.29,62.6,48,0,4.47
1573323746,Bedford,US,32.84,-97.14,64.99,51,1,6.93
1573323748,Nadym,RU,65.53,72.51,-4.15,98,83,6.85
1573323749,Buraydah,SA,26.33,43.97,80.6,39,75,6.93
1573323750,Muncar,ID,-8.43,114.34,80.35,79,0,6.82
1573323751,Guerrero Negro,MX,27.97,-114.04,79.48,39,100,6.22
1573323752,Pangnirtung,CA,66.15,-65.72,24.8,62,90,3.36
1573323754,Dinar,TR,38.07,30.16,53.6,46,0,8.05
1573323755,Kharitonovo,RU,61.4,47.5,19.98,95,99,3.62
1573323757,Kavaratti,IN,10.57,72.64,81.64,72,9,7.63
1573323758,Ensley,US,33.51,-86.89,59.0,50,1,3.6
1573323759,Taybad,IR,34.74,60.78,48.29,39,88,14.88
1573323761,Bilma,NE,18.69,12.92,78.57,12,19,5.21
1573323762,Puerto Leguizamo,CO,-0.19,-74.78,84.7,78,79,3.33
1573323590,Noumea,NC,-22.28,166.46,73.99,88,35,1.12
1573323764,Borogontsy,RU,62.67,131.17,-20.01,95,0,6.38
1573323765,Saint-Augustin,CA,45.63,-73.98,36.0,69,90,11.41
1573323767,Sirjan,IR,29.44,55.67,50.7,30,1,9.06
1573323768,Jumla,NP,29.28,82.18,37.69,84,0,4.05
1573323769,Krasnokholm,RU,51.6,54.16,34.5,87,35,6.96
1573323770,Saquena,PE,-4.67,-73.52,98.1,35,100,2.68
1573323771,Taksimo,RU,56.36,114.84,13.42,96,100,2.39
1573323774,Winnemucca,US,40.97,-117.74,54.0,22,1,1.3
1573323775,Sevierville,US,35.87,-83.56,53.01,45,1,5.82
1573323776,Chara,GR,39.42,22.43,60.8,93,97,4.7
1573323777,Santo Angelo,BR,-28.3,-54.26,78.8,65,22,6.93
1573323779,Takikawa,JP,43.62,141.95,28.09,96,88,6.51
1573323780,Banda Aceh,ID,5.56,95.32,74.07,89,65,2.44
1573323781,Keningau,MY,5.33,116.16,75.2,88,75,4.7
1573323782,Joshimath,IN,30.57,79.57,39.94,39,0,6.93
1573323783,Aras,ES,42.56,-2.36,48.0,93,75,1.12
1573323786,Osijek,HR,45.55,18.69,53.6,93,75,6.93
1573323787,Yelabuga,RU,55.76,52.06,26.6,79,90,4.47
1573323788,Bukoba,TZ,-1.33,31.81,75.2,78,20,6.98
1573323789,Megion,RU,61.04,76.11,1.4,84,47,4.47
1573323790,Storm Lake,US,42.64,-95.21,51.01,57,1,6.93
1573323792,Kortkeros,RU,61.81,51.56,15.8,100,90,4.47
1573323793,Saint-Joseph,FR,43.56,6.97,53.6,87,6,2.24
1573323794,Kununurra,AU,-15.77,128.74,80.6,69,89,5.82
1573323709,Tromso,NO,69.65,18.96,12.2,92,20,1.12
1573323796,Fukue,JP,35.03,136.69,57.0,66,20,17.22
1573323797,Cache Creek,CA,50.81,-121.33,44.6,93,90,5.01
1573323799,Komsomolets,RU,52.77,41.29,35.94,79,8,8.23
1573323800,Road Town,VG,18.42,-64.62,87.8,70,20,11.41
1573323801,Koumac,NC,-20.56,164.28,62.28,92,3,2.33
1573323802,Port Lincoln,AU,-34.72,135.86,49.57,87,0,3.74
1573323803,Tyrma,RU,50.04,132.17,8.22,83,0,0.4
1573323805,Tiarei,PF,-17.53,-149.33,80.6,78,75,3.36
1573323806,Pitimbu,BR,-7.47,-34.81,84.2,62,40,14.99
1573323807,Arnia,IN,32.52,74.8,64.4,82,0,4.12
1573323808,Apatity,RU,67.57,33.4,14.86,93,100,4.68
1573323809,Leh,IN,34.16,77.58,18.84,35,0,1.81
1573323811,Anjar,IN,23.11,70.03,78.37,49,0,16.33
1573323812,Ponta do Sol,BR,-20.63,-46.0,86.07,49,0,7.29
1573323814,Agaro,ET,7.86,36.59,58.48,93,97,4.03
1573323817,Naze,NG,5.43,7.07,82.69,71,83,2.13
1573323818,Amuntai,ID,-2.42,115.25,73.36,93,71,1.41
1573323819,College,US,64.86,-147.8,19.99,91,1,5.37
1573323820,Atikokan,CA,48.76,-91.62,26.4,71,100,6.55
1573323821,Itoman,JP,26.12,127.67,69.8,52,20,9.17
1573323823,Marystown,CA,47.17,-55.16,37.99,2,95,14.0
1573323824,Pervomayskoye,RU,57.07,86.23,12.36,70,3,8.55
1573323826,Yarim,YE,14.3,44.38,56.17,30,0,7.45
1573323827,Berlevag,NO,70.86,29.09,30.87,72,86,5.82
1573323829,Healdsburg,US,38.61,-122.87,64.99,100,90,1.01
1573323830,Puerto Escondido,MX,15.86,-97.07,86.0,70,20,5.82
1573323698,Marsa Matruh,EG,31.35,27.25,71.6,68,0,3.36
1573323832,Tanout,NE,14.97,8.88,89.13,11,34,7.16
1573323833,Sosnovo-Ozerskoye,RU,52.53,111.54,27.41,87,100,11.23
1573323835,Pandan,PH,11.72,122.09,80.96,77,13,5.86
1573323836,Kupang,ID,-10.16,123.6,81.63,78,0,11.59
1573323837,Port Maria,JM,18.37,-76.89,87.8,62,20,9.17
1573323838,Mandan,US,46.83,-100.89,44.01,86,1,5.82
1573323839,Songea,TZ,-10.68,35.65,80.6,51,20,11.41
1573323841,Norden,DE,53.59,7.21,45.0,87,90,14.99
1573323842,Cayenne,GF,4.94,-52.33,89.6,66,5,12.75
1573323843,Am Timan,TD,11.04,20.28,80.74,26,65,2.71
1573323844,Uthal,PK,25.81,66.62,74.97,26,32,4.65
1573323845,Progreso,UY,-34.68,-56.22,72.0,68,40,16.11
1573323847,Shu,KZ,43.6,73.76,35.01,60,73,11.99
1573323676,Sivas,TR,39.75,37.01,42.8,48,0,2.24
1573323849,Atbasar,KZ,51.81,68.36,22.6,91,100,20.6
1573323850,Porto Novo,BR,-23.68,-45.44,80.6,57,40,3.36
1573323758,Portland,US,43.66,-70.25,39.2,32,1,10.29
1573323853,Madanapalle,IN,13.56,78.5,69.48,87,68,0.49
1573323854,Bathsheba,BB,13.22,-59.52,77.0,88,75,16.11
1573323855,Suamico,US,44.63,-88.04,41.0,55,1,9.17
1573323856,Fort-Shevchenko,KZ,44.51,50.26,52.75,44,36,11.56
1573323857,Staraya Toropa,RU,56.28,31.67,45.93,92,100,10.27
1573323858,Qena,EG,26.16,32.72,80.6,47,0,3.36
1573323860,Bitung,ID,1.44,125.19,75.2,88,40,2.24
1573323861,Yichang,CN,30.77,111.32,57.33,57,100,2.66
1573323862,Camacha,PT,33.08,-16.33,68.0,72,75,14.99
1573323864,Khani,GE,41.96,42.96,48.2,87,0,3.36
1573323866,Fujinomiya,JP,35.24,138.62,51.01,78,20,1.99
1573323867,Port-Cartier,CA,50.03,-66.88,26.01,41,75,14.99
1573323868,Fenyi,CN,27.82,114.69,54.99,61,63,1.34
1573323869,Nizhneangarsk,RU,55.78,109.57,18.66,94,100,4.47
1573323870,Alekseyevsk,RU,57.84,108.35,20.62,87,100,12.68
1573323872,Bumba,CD,2.18,22.47,73.9,89,100,1.25
1573323873,Honiara,SB,-9.43,159.96,75.2,94,20,2.24
1573323874,Salym,RU,60.06,71.48,9.18,91,100,3.8
1573323875,Laukaa,FI,62.42,25.95,34.0,100,90,4.7
1573323876,Kimbe,PG,-5.56,150.15,74.32,96,100,4.21
1573323878,Krasni Okny,UA,47.54,29.46,58.64,77,28,12.46
1573323808,Kulhudhuffushi,MV,6.62,73.07,82.54,65,12,4.21
1573323881,Teguldet,RU,57.31,88.17,6.53,85,100,7.83
1573323882,Teya,MX,21.05,-89.07,84.99,70,75,5.82
1573323884,Smithers,CA,54.78,-127.17,42.8,93,75,3.36
1573323885,Tilichiki,RU,60.47,166.1,31.93,95,100,25.3
1573323886,Praia,BR,-20.25,-43.81,93.2,35,40,5.82
1573323777,Broken Hill,AU,-31.97,141.45,53.6,58,0,12.75
1573323889,Upata,VE,8.02,-62.41,91.99,60,16,4.0
1573323892,Nexo,DK,55.06,15.13,48.2,100,100,9.17
1573323893,Antsohihy,MG,-14.88,47.99,82.06,70,100,4.23
1573323894,Palauig,PH,15.44,119.9,73.72,83,66,3.78
1573323895,Talcahuano,CL,-36.72,-73.12,73.4,43,0,13.87
1573323897,Stranda,NO,62.31,6.93,32.0,58,0,13.87
1573323898,Iwanai,JP,42.97,140.51,35.76,71,100,12.39
1573323899,Khamza,UZ,40.42,71.51,41.0,33,0,6.93
1573323761,Salinas,US,36.67,-121.66,64.0,55,1,3.36
1573323904,Lemon Tree Passage,AU,-32.73,152.04,59.0,45,16,14.99
1573323905,Pushkino,RU,56.01,37.85,39.2,100,90,15.66
1573323906,Ouro Sogui,SN,15.61,-13.32,100.4,21,98,2.24
1573323908,Hobyo,SO,5.35,48.53,80.13,78,2,14.67
1573323909,Daru,PG,-9.07,143.21,71.96,90,100,1.12
1573323790,Mareeba,AU,-16.99,145.42,64.99,88,38,2.91
1573323911,Ejura,GH,7.38,-1.37,81.37,60,44,2.89
1573323912,Grand Island,US,40.92,-98.34,69.8,28,1,6.93
1573323914,Alindao,CF,5.04,21.21,72.41,92,100,2.51
1573323915,Novichikha,RU,52.2,81.39,26.44,62,100,11.99
1573323916,Awjilah,LY,29.14,21.3,76.48,23,8,9.75
1573323917,Shimoda,JP,34.7,138.93,52.0,80,84,1.01
1573323918,Channel-Port aux Basques,CA,47.57,-59.14,35.55,61,94,32.68
1573323920,Nizhniy Kuranakh,RU,58.84,125.49,12.38,96,100,2.62
1573323921,Voznesenye,RU,61.02,35.48,36.57,96,100,13.89
1573323922,Kpandae,GH,8.46,-0.01,85.46,49,100,1.79
1573323923,Sibu,MY,2.29,111.83,73.0,100,75,1.23
1573323793,Coihaique,CL,-45.58,-72.07,64.4,45,40,4.7
1573323926,Balgazyn,RU,51.0,95.2,26.65,83,99,3.71
1573323927,Pacific Grove,US,36.62,-121.92,64.0,71,1,3.36
1573323929,Venezuela,CU,21.74,-78.8,80.22,78,0,3.65
1573323931,Polovinnoye,RU,54.79,65.99,20.32,61,0,6.8
1573323932,Itacare,BR,-14.28,-39.0,80.74,65,56,8.57
1573323933,Puerto del Rosario,ES,28.5,-13.86,69.8,64,20,27.51
1573323934,Senador Jose Porfirio,BR,-2.59,-51.95,88.84,52,69,0.51
1573323935,Carbonia,IT,39.17,8.53,54.0,76,40,8.05
1573323937,Bereda,ES,43.27,-7.54,55.0,87,75,19.46
1573323938,Sumy,UA,50.91,34.8,47.07,89,39,7.56
1573323939,Sarangani,PH,5.4,125.46,82.69,76,97,11.23
1573323941,Gingoog,PH,8.82,125.1,75.99,89,0,5.01
1573323943,Erenhot,CN,43.65,111.97,35.4,40,77,13.94
1573323944,Igarka,RU,67.47,86.57,-17.02,93,98,11.95
1573323945,Purpe,RU,64.48,76.69,-10.0,83,6,9.15
1573323946,Awka,NG,6.21,7.07,82.47,65,42,1.34
1573323947,Los Llanos de Aridane,ES,28.66,-17.92,69.8,68,75,20.8
1573323949,Altamont,CA,49.4,-98.5,28.4,100,75,8.05
1573323789,Gamba,CN,28.28,88.52,26.28,56,100,3.6
1573323877,San Jose,HN,14.25,-87.96,76.03,59,34,8.86
1573323903,Chippewa Falls,US,44.94,-91.39,43.0,52,1,6.93
1573323955,Cravo Norte,CO,6.3,-70.2,90.66,54,73,3.69
1573323956,Wick,GB,51.45,-2.43,44.01,93,75,2.24
1573323957,Nouadhibou,MR,20.93,-17.03,71.6,64,73,17.22
